2024-08-29 06:19:31.545607,0.09090909090909094
2024-08-29 06:19:46.545682,0.0672268907563025
2024-08-29 06:20:01.545764,0.10833333333333328
2024-08-29 06:20:16.545840,0.09166666666666667
2024-08-29 06:20:31.545916,0.07563025210084029
2024-08-29 06:20:46.545992,0.0672268907563025
2024-08-29 06:21:01.546072,0.0672268907563025
2024-08-29 06:21:16.546148,0.12396694214876036
2024-08-29 06:21:31.546227,0.07499999999999996
2024-08-29 06:21:46.546306,0.05833333333333335
2024-08-29 06:22:01.546383,0.09243697478991597
2024-08-29 06:22:16.546460,0.05833333333333335
2024-08-29 06:22:31.546540,0.05084745762711862
2024-08-29 06:22:46.546615,0.08333333333333337
2024-08-29 06:23:01.546694,0.0423728813559322
2024-08-29 06:23:16.546773,0.03389830508474578
2024-08-29 06:23:31.546847,0.05084745762711862
2024-08-29 06:23:46.546927,0.0423728813559322
2024-08-29 06:24:01.547007,0.03418803418803418
2024-08-29 06:24:16.547090,0.050420168067226934
2024-08-29 06:24:31.547172,0.05084745762711862
2024-08-29 06:24:46.547257,0.03418803418803418
2024-08-29 06:25:01.547341,0.03418803418803418
2024-08-29 06:25:16.547422,0.0423728813559322
2024-08-29 06:25:31.547506,0.0423728813559322
2024-08-29 06:25:46.547594,0.0423728813559322
2024-08-29 06:26:01.547674,0.0423728813559322
2024-08-29 06:26:16.547756,0.02564102564102566
2024-08-29 06:26:31.547838,0.025862068965517238
2024-08-29 06:26:46.547921,0.017094017094017144
2024-08-29 06:27:01.548000,0.02564102564102566
2024-08-29 06:27:16.548086,0.017094017094017144
2024-08-29 06:27:31.548170,0.02564102564102566
2024-08-29 06:27:46.548246,0.02564102564102566
2024-08-29 06:28:01.548328,0.008620689655172376
2024-08-29 06:28:16.548411,0.017094017094017144
2024-08-29 06:28:31.548490,0.017094017094017144
2024-08-29 06:28:46.548570,0.02564102564102566
2024-08-29 06:29:01.548648,0.025862068965517238
2024-08-29 06:29:16.548735,0.02564102564102566
2024-08-29 06:29:31.548815,0.017241379310344862
2024-08-29 06:29:46.548895,0.008620689655172376
2024-08-29 06:30:01.548973,0.017241379310344862
2024-08-29 06:30:16.549053,0.017241379310344862
2024-08-29 06:30:31.549127,0.008620689655172376
2024-08-29 06:30:46.549211,0.017094017094017144
2024-08-29 06:31:01.549292,0.008620689655172376
2024-08-29 06:31:16.549374,0.008620689655172376
2024-08-29 06:31:31.549453,0.008620689655172376
2024-08-29 06:31:46.549537,0.017094017094017144
2024-08-29 06:32:01.549619,0.008620689655172376
2024-08-29 06:32:16.549703,0.017241379310344862
2024-08-29 06:32:31.549782,0.017241379310344862
2024-08-29 06:32:46.549862,0.017241379310344862
2024-08-29 06:33:16.550020,0.025862068965517238
2024-08-29 06:33:31.550097,0.008620689655172376
2024-08-29 06:33:46.550180,0.017094017094017144
2024-08-29 06:34:01.550260,0.017241379310344862
2024-08-29 06:34:16.550345,0.017241379310344862
2024-08-29 06:34:31.550429,0.017241379310344862
2024-08-29 06:34:46.550510,0.017241379310344862
2024-08-29 06:35:01.550593,0.017241379310344862
2024-08-29 06:35:31.550766,0.008620689655172376
2024-08-29 06:35:46.550852,0.008620689655172376
2024-08-29 06:36:01.550934,0.017241379310344862
2024-08-29 06:36:16.551013,0.008620689655172376
2024-08-29 06:36:31.551096,0.017241379310344862
2024-08-29 06:36:46.551178,0.017241379310344862
2024-08-29 06:37:01.551258,0.017241379310344862
2024-08-29 06:37:16.551340,0.008620689655172376
2024-08-29 06:37:31.551421,0.008620689655172376
2024-08-29 06:37:46.551502,0.008620689655172376
2024-08-29 06:38:01.551583,0.017241379310344862
2024-08-29 06:38:16.551660,0.017241379310344862
2024-08-29 06:38:31.551746,0.017241379310344862
2024-08-29 06:38:46.551822,0.017241379310344862
2024-08-29 06:39:01.551903,0.008620689655172376
2024-08-29 06:39:16.551990,0.02564102564102566
2024-08-29 06:39:46.552143,0.017241379310344862
2024-08-29 06:40:01.552224,0.008620689655172376
2024-08-29 06:40:16.552302,0.008620689655172376
2024-08-29 06:40:31.552381,0.008620689655172376
2024-08-29 06:40:46.552468,0.017241379310344862
2024-08-29 06:41:01.552550,0.008620689655172376
2024-08-29 06:41:46.552787,0.008620689655172376
2024-08-29 06:42:01.552865,0.008620689655172376
2024-08-29 06:42:31.553030,0.008620689655172376
2024-08-29 06:42:46.553112,0.008620689655172376
2024-08-29 06:43:01.553195,0.008620689655172376
2024-08-29 06:43:16.553276,0.008620689655172376
2024-08-29 06:43:31.553359,0.017241379310344862
2024-08-29 06:43:46.553436,0.008620689655172376
2024-08-29 06:44:01.553518,0.008620689655172376
2024-08-29 06:44:16.553602,0.008620689655172376
2024-08-29 06:44:31.553684,0.008620689655172376
2024-08-29 06:44:46.553762,0.008620689655172376
2024-08-29 06:45:16.553926,0.008620689655172376
2024-08-29 06:45:31.554005,0.008620689655172376
2024-08-29 06:46:01.554171,0.017241379310344862
2024-08-29 06:46:16.554250,0.008620689655172376
2024-08-29 06:47:01.554493,0.008620689655172376
2024-08-29 06:47:16.554572,0.008620689655172376
2024-08-29 06:47:46.554736,0.008620689655172376
2024-08-29 06:48:01.554816,0.008620689655172376
2024-08-29 06:48:16.554894,0.008620689655172376
2024-08-29 06:48:31.554972,0.017241379310344862
2024-08-29 06:48:46.555052,0.008620689655172376
2024-08-29 06:49:01.555133,0.008620689655172376
2024-08-29 06:49:16.555216,0.008620689655172376
2024-08-29 06:49:31.555295,0.008620689655172376
2024-08-29 06:50:16.555535,0.008620689655172376
2024-08-29 06:51:01.555769,0.008620689655172376
2024-08-29 06:51:46.555999,0.008620689655172376
2024-08-29 06:52:01.556083,0.008620689655172376
2024-08-29 06:52:16.556161,0.008620689655172376
2024-08-29 06:53:01.556397,0.008620689655172376
2024-08-29 06:53:16.556477,0.008620689655172376
2024-08-29 06:54:16.556800,0.008620689655172376
2024-08-29 06:54:31.556880,0.008620689655172376
2024-08-29 06:56:01.557352,0.008620689655172376
2024-08-29 06:56:31.557507,0.008620689655172376
2024-08-29 06:57:01.557665,0.008620689655172376
2024-08-29 06:57:46.557898,0.008620689655172376
2024-08-29 06:59:31.558453,0.008620689655172376
2024-08-29 07:00:31.558769,0.008620689655172376
2024-08-29 07:01:01.558926,0.008620689655172376
2024-08-29 07:02:16.559343,0.008620689655172376
2024-08-29 07:04:16.559991,0.008620689655172376
2024-08-29 07:05:01.560235,0.008620689655172376
2024-08-29 07:09:31.561719,0.008620689655172376
2024-08-29 07:13:01.562851,0.008620689655172376
2024-08-29 07:20:46.565423,0.008620689655172376
2024-08-29 07:21:01.565501,0.017241379310344862
2024-08-29 07:21:16.565586,0.017241379310344862
2024-08-29 07:21:31.565666,0.008620689655172376
2024-08-29 07:21:46.565745,0.017241379310344862
2024-08-29 07:22:01.565822,0.017241379310344862
2024-08-29 07:22:16.565903,0.008620689655172376
2024-08-29 07:22:31.565988,0.008620689655172376
2024-08-29 07:22:46.566074,0.017241379310344862
2024-08-29 07:23:01.566158,0.017241379310344862
2024-08-29 07:23:16.566240,0.017241379310344862
2024-08-29 07:23:31.566322,0.008620689655172376
2024-08-29 07:23:46.566400,0.008620689655172376
2024-08-29 07:24:01.566481,0.008620689655172376
2024-08-29 07:24:16.566558,0.008620689655172376
2024-08-29 07:24:31.566632,0.017241379310344862
2024-08-29 07:24:46.566708,0.017241379310344862
2024-08-29 07:25:01.566786,0.017241379310344862
2024-08-29 07:25:16.566859,0.008620689655172376
2024-08-29 07:25:31.566942,0.017241379310344862
2024-08-29 07:26:01.567096,0.008620689655172376
2024-08-29 07:26:16.567173,0.008620689655172376
2024-08-29 07:26:31.567249,0.008620689655172376
2024-08-29 07:26:46.567330,0.017241379310344862
2024-08-29 07:27:01.567407,0.017241379310344862
2024-08-29 07:27:46.567638,0.017241379310344862
2024-08-29 07:28:01.567716,0.017241379310344862
2024-08-29 07:28:16.567794,0.008620689655172376
2024-08-29 07:28:31.567874,0.008620689655172376
2024-08-29 07:28:46.567950,0.008620689655172376
2024-08-29 07:29:01.568030,0.008620689655172376
2024-08-29 07:29:16.568113,0.017241379310344862
2024-08-29 07:29:31.568190,0.017241379310344862
2024-08-29 07:29:46.568271,0.008620689655172376
2024-08-29 07:30:01.568353,0.008620689655172376
2024-08-29 07:30:16.568428,0.008620689655172376
2024-08-29 07:30:31.568510,0.008620689655172376
2024-08-29 07:30:46.568588,0.008620689655172376
2024-08-29 07:31:01.568664,0.008620689655172376
2024-08-29 07:31:16.568745,0.017241379310344862
2024-08-29 07:31:31.568821,0.017241379310344862
2024-08-29 07:31:46.568902,0.008620689655172376
2024-08-29 07:32:01.568983,0.008620689655172376
2024-08-29 07:32:16.569060,0.017241379310344862
2024-08-29 07:32:31.569134,0.008620689655172376
2024-08-29 07:32:46.569211,0.008620689655172376
2024-08-29 07:33:01.569291,0.017241379310344862
2024-08-29 07:33:16.569371,0.008620689655172376
2024-08-29 07:33:31.569444,0.008620689655172376
2024-08-29 07:33:46.569519,0.008620689655172376
2024-08-29 07:34:01.569598,0.008620689655172376
2024-08-29 07:34:16.569678,0.008620689655172376
2024-08-29 07:34:31.569752,0.008620689655172376
2024-08-29 07:34:46.569829,0.008620689655172376
2024-08-29 07:35:01.569905,0.008620689655172376
2024-08-29 07:35:16.569981,0.008620689655172376
2024-08-29 07:35:31.570061,0.017241379310344862
2024-08-29 07:35:46.570139,0.017241379310344862
2024-08-29 07:36:01.570222,0.008620689655172376
2024-08-29 07:36:16.570306,0.008620689655172376
2024-08-29 07:36:31.570387,0.017241379310344862
2024-08-29 07:36:46.570463,0.008620689655172376
2024-08-29 07:37:01.570539,0.008620689655172376
2024-08-29 07:37:16.570620,0.008620689655172376
2024-08-29 07:37:31.570699,0.008620689655172376
2024-08-29 07:37:46.570782,0.008620689655172376
2024-08-29 07:38:01.570856,0.017241379310344862
2024-08-29 07:38:31.571019,0.10344827586206895
2024-08-29 07:39:46.571417,0.11206896551724133
2024-08-29 07:40:01.571497,0.10344827586206895
2024-08-29 07:40:16.571576,0.11206896551724133
2024-08-29 07:40:31.571658,0.09482758620689657
2024-08-29 07:40:46.571732,0.07758620689655171
2024-08-29 07:41:01.571809,0.08620689655172409
2024-08-29 07:41:16.571882,0.11206896551724133
2024-08-29 07:41:31.571963,0.14655172413793105
2024-08-29 07:41:46.572041,0.1637931034482759
2024-08-29 07:42:01.572120,0.18965517241379315
2024-08-29 07:42:16.572198,0.23275862068965514
2024-08-29 07:42:31.572274,0.26724137931034486
2024-08-29 07:42:46.572356,0.2844827586206896
2024-08-29 07:43:01.572434,0.3017241379310345
2024-08-29 07:43:16.572506,0.31896551724137934
2024-08-29 07:43:31.572579,0.3275862068965517
2024-08-29 07:43:46.572649,0.3275862068965517
2024-08-29 07:44:01.572724,0.31896551724137934
2024-08-29 07:44:16.572797,0.31034482758620685
2024-08-29 07:44:31.572870,0.31896551724137934
2024-08-29 07:44:46.572947,0.3275862068965517
2024-08-29 07:45:01.573027,0.3275862068965517
2024-08-29 07:45:16.573101,0.31896551724137934
2024-08-29 07:45:31.573184,0.31896551724137934
2024-08-29 07:45:46.573258,0.31034482758620685
2024-08-29 07:46:16.573416,0.18965517241379315
2024-08-29 07:46:31.573498,0.19827586206896552
2024-08-29 07:46:46.573572,0.18965517241379315
2024-08-29 07:47:01.573650,0.18965517241379315
2024-08-29 07:47:16.573729,0.19827586206896552
2024-08-29 07:47:31.573809,0.19827586206896552
2024-08-29 07:47:46.573883,0.18965517241379315
2024-08-29 07:48:01.573962,0.18965517241379315
2024-08-29 07:48:16.574044,0.18103448275862066
2024-08-29 07:48:31.574123,0.18965517241379315
2024-08-29 07:48:46.574200,0.18965517241379315
2024-08-29 07:49:01.574282,0.19827586206896552
2024-08-29 07:49:16.574363,0.18965517241379315
2024-08-29 07:49:31.574440,0.18965517241379315
2024-08-29 07:49:46.574515,0.18965517241379315
2024-08-29 07:50:01.574597,0.18103448275862066
2024-08-29 07:50:16.574681,0.19827586206896552
2024-08-29 07:50:31.574764,0.18965517241379315
2024-08-29 07:50:46.574843,0.18965517241379315
2024-08-29 07:51:01.574922,0.18965517241379315
2024-08-29 07:51:16.575003,0.18965517241379315
2024-08-29 07:51:31.575085,0.18965517241379315
2024-08-29 07:51:46.575164,0.18965517241379315
2024-08-29 07:52:01.575240,0.18965517241379315
2024-08-29 07:52:16.575320,0.19827586206896552
2024-08-29 07:52:31.575398,0.18965517241379315
2024-08-29 07:52:46.575479,0.18965517241379315
2024-08-29 07:53:01.575559,0.18103448275862066
2024-08-29 07:53:16.575637,0.18965517241379315
2024-08-29 07:53:31.575723,0.18103448275862066
2024-08-29 07:53:46.575806,0.19827586206896552
2024-08-29 07:54:01.575889,0.19827586206896552
2024-08-29 07:54:16.575974,0.19827586206896552
2024-08-29 07:54:31.576056,0.19827586206896552
2024-08-29 07:54:46.576137,0.18965517241379315
2024-08-29 07:55:01.576219,0.18965517241379315
2024-08-29 07:55:16.576297,0.18965517241379315
2024-08-29 07:55:31.576377,0.18965517241379315
2024-08-29 07:55:46.576455,0.18965517241379315
2024-08-29 07:56:01.576537,0.19827586206896552
2024-08-29 07:56:16.576615,0.18103448275862066
2024-08-29 07:56:31.576699,0.18965517241379315
2024-08-29 07:56:46.576781,0.19827586206896552
2024-08-29 07:57:01.576863,0.19827586206896552
2024-08-29 07:57:16.576951,0.19827586206896552
2024-08-29 07:57:31.577030,0.19827586206896552
2024-08-29 07:57:46.577113,0.19827586206896552
2024-08-29 07:58:01.577193,0.18965517241379315
2024-08-29 07:58:16.577274,0.18965517241379315
2024-08-29 07:58:31.577349,0.19827586206896552
2024-08-29 07:58:46.577428,0.2068965517241379
2024-08-29 07:59:01.577508,0.18965517241379315
2024-08-29 07:59:16.577586,0.18103448275862066
2024-08-29 07:59:31.577661,0.18965517241379315
2024-08-29 07:59:46.577738,0.19827586206896552
2024-08-29 08:00:01.577810,0.18965517241379315
2024-08-29 08:00:16.577887,0.18965517241379315
2024-08-29 08:00:31.577965,0.19827586206896552
2024-08-29 08:00:46.578045,0.18965517241379315
2024-08-29 08:01:01.578152,0.18965517241379315
2024-08-29 08:01:16.578234,0.19827586206896552
2024-08-29 08:01:31.578308,0.18965517241379315
2024-08-29 08:01:46.578389,0.18965517241379315
2024-08-29 08:02:01.578469,0.18965517241379315
2024-08-29 08:02:16.578550,0.2068965517241379
2024-08-29 08:02:31.578631,0.19827586206896552
2024-08-29 08:02:46.578713,0.19827586206896552
2024-08-29 08:03:01.578793,0.2068965517241379
2024-08-29 08:03:16.578869,0.18965517241379315
2024-08-29 08:03:31.578950,0.19827586206896552
2024-08-29 08:03:46.579030,0.19827586206896552
2024-08-29 08:04:01.579108,0.18965517241379315
2024-08-29 08:04:16.579189,0.18965517241379315
2024-08-29 08:04:31.579264,0.19827586206896552
2024-08-29 08:04:46.579342,0.19827586206896552
2024-08-29 08:05:01.579420,0.10344827586206895
2024-08-29 08:05:16.579499,0.10344827586206895
2024-08-29 08:05:31.579582,0.11206896551724133
2024-08-29 08:05:46.579661,0.11206896551724133
2024-08-29 08:06:01.579743,0.11206896551724133
2024-08-29 08:06:16.579823,0.10344827586206895
2024-08-29 08:06:31.579901,0.11206896551724133
2024-08-29 08:06:46.579980,0.11206896551724133
2024-08-29 08:07:01.580059,0.11206896551724133
2024-08-29 08:07:16.580142,0.11206896551724133
2024-08-29 08:07:31.580224,0.10344827586206895
2024-08-29 08:07:46.580303,0.11206896551724133
2024-08-29 08:08:01.580380,0.11206896551724133
2024-08-29 08:08:16.580455,0.11206896551724133
2024-08-29 08:08:31.580533,0.11206896551724133
2024-08-29 08:08:46.580610,0.11206896551724133
2024-08-29 08:09:01.580686,0.11206896551724133
2024-08-29 08:09:16.580767,0.10344827586206895
2024-08-29 08:09:31.580851,0.10344827586206895
2024-08-29 08:09:46.580929,0.11206896551724133
2024-08-29 08:10:01.581019,0.11206896551724133
2024-08-29 08:10:31.581186,0.11206896551724133
2024-08-29 08:10:46.581263,0.11206896551724133
2024-08-29 08:11:01.581345,0.11206896551724133
2024-08-29 08:11:16.581421,0.11206896551724133
2024-08-29 08:11:31.581501,0.11206896551724133
2024-08-29 08:11:46.581578,0.11206896551724133
2024-08-29 08:12:01.581657,0.10344827586206895
2024-08-29 08:12:16.581738,0.10344827586206895
2024-08-29 08:12:31.581818,0.11206896551724133
2024-08-29 08:12:46.581901,0.11206896551724133
2024-08-29 08:13:01.581979,0.11206896551724133
2024-08-29 08:13:16.582060,0.11206896551724133
2024-08-29 08:13:31.582140,0.10344827586206895
2024-08-29 08:13:46.582221,0.11206896551724133
2024-08-29 08:14:01.583854,0.11206896551724133
2024-08-29 08:14:16.583937,0.11206896551724133
2024-08-29 08:14:31.584021,0.10344827586206895
2024-08-29 08:14:46.584102,0.11206896551724133
2024-08-29 08:15:01.584180,0.11206896551724133
2024-08-29 08:15:16.584260,0.11206896551724133
2024-08-29 08:15:31.584339,0.11206896551724133
2024-08-29 08:15:46.584415,0.11206896551724133
2024-08-29 08:16:01.584494,0.11206896551724133
2024-08-29 08:16:16.584574,0.11206896551724133
2024-08-29 08:16:31.584651,0.11206896551724133
2024-08-29 08:16:46.584731,0.11206896551724133
2024-08-29 08:17:01.584811,0.11206896551724133
2024-08-29 08:17:16.584893,0.11206896551724133
2024-08-29 08:17:31.584975,0.11206896551724133
2024-08-29 08:17:46.585056,0.11206896551724133
2024-08-29 08:18:01.585136,0.11206896551724133
2024-08-29 08:18:16.585220,0.11206896551724133
2024-08-29 08:18:31.585301,0.11206896551724133
2024-08-29 08:18:46.585382,0.11206896551724133
2024-08-29 08:19:01.585466,0.11206896551724133
2024-08-29 08:19:16.585545,0.11206896551724133
2024-08-29 08:19:31.585628,0.11206896551724133
2024-08-29 08:19:46.585712,0.11206896551724133
2024-08-29 08:20:01.585793,0.11206896551724133
2024-08-29 08:20:16.585874,0.11206896551724133
2024-08-29 08:20:31.585955,0.11206896551724133
2024-08-29 08:20:46.586032,0.11206896551724133
2024-08-29 08:21:01.586114,0.10344827586206895
2024-08-29 08:21:16.586196,0.11206896551724133
2024-08-29 08:21:31.586274,0.11206896551724133
2024-08-29 08:21:46.586348,0.12068965517241381
2024-08-29 08:22:01.586430,0.10344827586206895
2024-08-29 08:22:16.586511,0.11206896551724133
2024-08-29 08:22:31.586586,0.11206896551724133
2024-08-29 08:22:46.586665,0.11206896551724133
2024-08-29 08:23:01.586740,0.11206896551724133
2024-08-29 08:23:16.586813,0.11206896551724133
2024-08-29 08:23:31.586886,0.11206896551724133
2024-08-29 08:23:46.586967,0.11206896551724133
2024-08-29 08:24:01.587048,0.11206896551724133
2024-08-29 08:24:16.587127,0.11206896551724133
2024-08-29 08:24:31.587202,0.11206896551724133
2024-08-29 08:24:46.587277,0.11206896551724133
2024-08-29 08:25:01.587355,0.11206896551724133
2024-08-29 08:25:16.587430,0.11206896551724133
2024-08-29 08:25:31.587504,0.11206896551724133
2024-08-29 08:25:46.587582,0.11206896551724133
2024-08-29 08:26:01.587655,0.11206896551724133
2024-08-29 08:26:16.587735,0.11206896551724133
2024-08-29 08:26:31.587816,0.11206896551724133
2024-08-29 08:26:46.587893,0.11206896551724133
2024-08-29 08:27:01.587965,0.11206896551724133
2024-08-29 08:27:16.588048,0.11206896551724133
2024-08-29 08:27:31.588129,0.11206896551724133
2024-08-29 08:27:46.588205,0.11206896551724133
2024-08-29 08:28:01.588286,0.11206896551724133
2024-08-29 08:28:16.588361,0.11206896551724133
2024-08-29 08:28:31.588437,0.11206896551724133
2024-08-29 08:28:46.588518,0.11206896551724133
2024-08-29 08:29:01.588597,0.11206896551724133
2024-08-29 08:29:16.588674,0.11206896551724133
2024-08-29 08:29:31.588753,0.11206896551724133
2024-08-29 08:29:46.588833,0.11206896551724133
2024-08-29 08:30:01.588911,0.11206896551724133
2024-08-29 08:30:16.588989,0.11206896551724133
2024-08-29 08:30:31.589065,0.10344827586206895
2024-08-29 08:30:46.589138,0.11206896551724133
2024-08-29 08:31:01.589220,0.11206896551724133
2024-08-29 08:31:16.589296,0.11206896551724133
2024-08-29 08:31:31.589379,0.11206896551724133
2024-08-29 08:31:46.589458,0.11206896551724133
2024-08-29 08:32:01.589536,0.11206896551724133
2024-08-29 08:32:16.589612,0.11206896551724133
2024-08-29 08:32:31.589695,0.11206896551724133
2024-08-29 08:32:46.589767,0.11206896551724133
2024-08-29 08:33:01.589847,0.11206896551724133
2024-08-29 08:33:16.589925,0.10344827586206895
2024-08-29 08:33:31.590006,0.11206896551724133
2024-08-29 08:33:46.590080,0.11206896551724133
2024-08-29 08:34:01.590161,0.11206896551724133
2024-08-29 08:34:16.590232,0.11206896551724133
2024-08-29 08:34:31.590314,0.11206896551724133
2024-08-29 08:34:46.590390,0.11206896551724133
2024-08-29 08:35:01.590469,0.11206896551724133
2024-08-29 08:35:16.590546,0.11206896551724133
2024-08-29 08:35:31.590623,0.11206896551724133
2024-08-29 08:35:46.590698,0.11206896551724133
2024-08-29 08:36:01.590781,0.11206896551724133
2024-08-29 08:36:16.590856,0.11206896551724133
2024-08-29 08:36:31.590936,0.11206896551724133
2024-08-29 08:36:46.591015,0.11206896551724133
2024-08-29 08:37:01.591094,0.10344827586206895
2024-08-29 08:37:16.591170,0.11206896551724133
2024-08-29 08:37:31.591252,0.11206896551724133
2024-08-29 08:37:46.591326,0.11206896551724133
2024-08-29 08:38:01.591403,0.11206896551724133
2024-08-29 08:38:16.591481,0.11206896551724133
2024-08-29 08:38:31.591561,0.11206896551724133
2024-08-29 08:38:46.591635,0.10344827586206895
2024-08-29 08:39:01.591714,0.11206896551724133
2024-08-29 08:39:16.591789,0.11206896551724133
2024-08-29 08:39:31.591869,0.11206896551724133
2024-08-29 08:39:46.591951,0.11206896551724133
2024-08-29 08:40:01.592026,0.11206896551724133
2024-08-29 08:40:16.592104,0.11206896551724133
2024-08-29 08:40:31.592183,0.11206896551724133
2024-08-29 08:40:46.592261,0.11206896551724133
2024-08-29 08:41:01.592340,0.11206896551724133
2024-08-29 08:41:16.592418,0.11206896551724133
2024-08-29 08:41:31.592492,0.11206896551724133
2024-08-29 08:41:46.592570,0.11206896551724133
2024-08-29 08:42:01.592649,0.10344827586206895
2024-08-29 08:42:16.592727,0.11206896551724133
2024-08-29 08:42:31.592805,0.11206896551724133
2024-08-29 08:42:46.592879,0.11206896551724133
2024-08-29 08:43:01.592954,0.11206896551724133
2024-08-29 08:43:16.593032,0.11206896551724133
2024-08-29 08:43:31.593105,0.11206896551724133
2024-08-29 08:43:46.593176,0.11206896551724133
2024-08-29 08:44:01.593252,0.11206896551724133
2024-08-29 08:44:16.593328,0.11206896551724133
2024-08-29 08:44:31.593402,0.11206896551724133
2024-08-29 08:44:46.593477,0.11206896551724133
2024-08-29 08:45:01.593555,0.11206896551724133
2024-08-29 08:45:16.593630,0.11206896551724133
2024-08-29 08:45:31.593716,0.11206896551724133
2024-08-29 08:45:46.593793,0.11206896551724133
2024-08-29 08:46:01.593874,0.11206896551724133
2024-08-29 08:46:16.593951,0.11206896551724133
2024-08-29 08:46:31.594026,0.11206896551724133
2024-08-29 08:46:46.594110,0.11206896551724133
2024-08-29 08:47:01.594188,0.11206896551724133
2024-08-29 08:47:16.594264,0.11206896551724133
2024-08-29 08:47:31.594337,0.11206896551724133
2024-08-29 08:47:46.594415,0.11206896551724133
2024-08-29 08:48:01.594494,0.11206896551724133
2024-08-29 08:48:16.594567,0.11206896551724133
2024-08-29 08:48:31.594638,0.12068965517241381
2024-08-29 08:48:46.594712,0.11206896551724133
2024-08-29 08:49:01.594787,0.11206896551724133
2024-08-29 08:49:16.594863,0.10344827586206895
2024-08-29 08:49:31.594937,0.10344827586206895
2024-08-29 08:49:46.595007,0.11206896551724133
2024-08-29 08:50:01.595089,0.11206896551724133
2024-08-29 08:50:16.595164,0.11206896551724133
2024-08-29 08:50:31.595244,0.11206896551724133
2024-08-29 08:50:46.595320,0.11206896551724133
2024-08-29 08:51:01.595401,0.11206896551724133
2024-08-29 08:51:16.595474,0.11206896551724133
2024-08-29 08:51:31.595556,0.11206896551724133
2024-08-29 08:51:46.595630,0.11206896551724133
2024-08-29 08:52:01.595708,0.11206896551724133
2024-08-29 08:52:16.595791,0.11206896551724133
2024-08-29 08:52:31.595869,0.11206896551724133
2024-08-29 08:52:46.595941,0.11206896551724133
2024-08-29 08:53:01.596022,0.11206896551724133
2024-08-29 08:53:16.596101,0.11206896551724133
2024-08-29 08:53:31.596178,0.11206896551724133
2024-08-29 08:53:46.596260,0.11206896551724133
2024-08-29 08:54:01.596338,0.11206896551724133
2024-08-29 08:54:16.596415,0.11206896551724133
2024-08-29 08:54:31.596499,0.11206896551724133
2024-08-29 08:54:46.596573,0.11206896551724133
2024-08-29 08:55:01.596653,0.10344827586206895
2024-08-29 08:55:16.596729,0.11206896551724133
2024-08-29 08:55:31.596806,0.11206896551724133
2024-08-29 08:55:46.596882,0.11206896551724133
2024-08-29 08:56:01.596962,0.11206896551724133
2024-08-29 08:56:16.597034,0.11206896551724133
2024-08-29 08:56:31.597112,0.11206896551724133
2024-08-29 08:56:46.597186,0.12068965517241381
2024-08-29 08:57:01.597265,0.11206896551724133
2024-08-29 08:57:16.597339,0.11206896551724133
2024-08-29 08:57:31.597413,0.11206896551724133
2024-08-29 08:57:46.597486,0.12068965517241381
2024-08-29 08:58:01.597567,0.11206896551724133
2024-08-29 08:58:16.597643,0.11206896551724133
2024-08-29 08:58:31.597723,0.11206896551724133
2024-08-29 08:58:46.597802,0.11206896551724133
2024-08-29 08:59:01.597882,0.11206896551724133
2024-08-29 08:59:16.597965,0.11206896551724133
2024-08-29 08:59:31.598039,0.11206896551724133
2024-08-29 08:59:46.598118,0.12068965517241381
2024-08-29 09:00:01.598198,0.11206896551724133
2024-08-29 09:00:16.598279,0.10344827586206895
2024-08-29 09:00:31.598359,0.11206896551724133
2024-08-29 09:00:46.598443,0.11206896551724133
2024-08-29 09:01:01.598523,0.11206896551724133
2024-08-29 09:01:16.598621,0.12068965517241381
2024-08-29 09:01:31.598701,0.11206896551724133
2024-08-29 09:01:46.598779,0.11206896551724133
2024-08-29 09:02:01.598863,0.10344827586206895
2024-08-29 09:02:16.598940,0.11206896551724133
2024-08-29 09:02:31.599018,0.11206896551724133
2024-08-29 09:02:46.599101,0.11206896551724133
2024-08-29 09:03:01.599180,0.11206896551724133
2024-08-29 09:03:16.599260,0.11206896551724133
2024-08-29 09:03:31.599339,0.12068965517241381
2024-08-29 09:03:46.599417,0.11206896551724133
2024-08-29 09:04:01.599498,0.11206896551724133
2024-08-29 09:04:16.599580,0.11206896551724133
2024-08-29 09:04:31.599668,0.11206896551724133
2024-08-29 09:04:46.599743,0.11206896551724133
2024-08-29 09:05:01.599823,0.11206896551724133
2024-08-29 09:05:16.599907,0.11206896551724133
2024-08-29 09:05:31.599991,0.11206896551724133
2024-08-29 09:05:46.600071,0.11206896551724133
2024-08-29 09:06:01.600146,0.11206896551724133
2024-08-29 09:06:16.600235,0.11206896551724133
2024-08-29 09:06:31.600308,0.11206896551724133
2024-08-29 09:06:46.600384,0.11206896551724133
2024-08-29 09:07:01.600463,0.11206896551724133
2024-08-29 09:07:16.600544,0.11206896551724133
2024-08-29 09:07:31.600624,0.11206896551724133
2024-08-29 09:07:46.600701,0.10344827586206895
2024-08-29 09:08:01.600778,0.11206896551724133
2024-08-29 09:08:16.600855,0.11206896551724133
2024-08-29 09:08:31.600936,0.11206896551724133
2024-08-29 09:08:46.601013,0.12068965517241381
2024-08-29 09:09:01.601096,0.11206896551724133
2024-08-29 09:09:16.601173,0.11206896551724133
2024-08-29 09:09:31.601254,0.11206896551724133
2024-08-29 09:09:46.601334,0.11206896551724133
2024-08-29 09:10:01.601413,0.11206896551724133
2024-08-29 09:10:16.601493,0.11206896551724133
2024-08-29 09:10:31.601574,0.11206896551724133
2024-08-29 09:10:46.601651,0.12068965517241381
2024-08-29 09:11:01.601731,0.12068965517241381
2024-08-29 09:11:16.601802,0.12068965517241381
2024-08-29 09:11:31.601880,0.12068965517241381
2024-08-29 09:11:46.601952,0.12068965517241381
2024-08-29 09:12:01.602030,0.11206896551724133
2024-08-29 09:12:16.602109,0.1293103448275862
2024-08-29 09:12:31.602191,0.12068965517241381
2024-08-29 09:12:46.602268,0.11206896551724133
2024-08-29 09:13:01.602349,0.12068965517241381
2024-08-29 09:13:16.602424,0.12068965517241381
2024-08-29 09:13:31.602504,0.12068965517241381
2024-08-29 09:13:46.602580,0.1293103448275862
2024-08-29 09:14:01.602660,0.1293103448275862
2024-08-29 09:14:16.602742,0.12068965517241381
2024-08-29 09:14:31.602820,0.12068965517241381
2024-08-29 09:14:46.602893,0.12068965517241381
2024-08-29 09:15:01.602971,0.12068965517241381
2024-08-29 09:15:16.603045,0.11206896551724133
2024-08-29 09:15:31.603120,0.1293103448275862
2024-08-29 09:15:46.603200,0.12068965517241381
2024-08-29 09:16:01.603278,0.12068965517241381
2024-08-29 09:16:16.603353,0.12068965517241381
2024-08-29 09:16:31.603435,0.1293103448275862
2024-08-29 09:16:46.603512,0.11206896551724133
2024-08-29 09:17:01.603595,0.12068965517241381
2024-08-29 09:17:16.603673,0.12068965517241381
2024-08-29 09:17:31.603750,0.12068965517241381
2024-08-29 09:17:46.603829,0.11206896551724133
2024-08-29 09:18:01.603911,0.12068965517241381
2024-08-29 09:18:16.603987,0.11206896551724133
2024-08-29 09:18:31.604066,0.1293103448275862
2024-08-29 09:18:46.604146,0.12068965517241381
2024-08-29 09:19:01.604226,0.12068965517241381
2024-08-29 09:19:16.604310,0.1293103448275862
2024-08-29 09:19:31.604390,0.12068965517241381
2024-08-29 09:19:46.604470,0.12068965517241381
2024-08-29 09:20:01.604551,0.11206896551724133
2024-08-29 09:20:16.604630,0.12068965517241381
2024-08-29 09:20:31.604705,0.12068965517241381
2024-08-29 09:20:46.604785,0.12068965517241381
2024-08-29 09:21:01.604864,0.12068965517241381
2024-08-29 09:21:16.604942,0.11206896551724133
2024-08-29 09:21:31.605021,0.12068965517241381
2024-08-29 09:21:46.605101,0.1293103448275862
2024-08-29 09:22:01.605179,0.12068965517241381
2024-08-29 09:22:16.605258,0.11206896551724133
2024-08-29 09:22:31.605335,0.12068965517241381
2024-08-29 09:22:46.605418,0.1293103448275862
2024-08-29 09:23:01.605497,0.11206896551724133
2024-08-29 09:23:16.605576,0.12068965517241381
2024-08-29 09:23:31.605657,0.12068965517241381
2024-08-29 09:23:46.605734,0.11206896551724133
2024-08-29 09:24:01.605812,0.12068965517241381
2024-08-29 09:24:16.605894,0.1293103448275862
2024-08-29 09:24:31.605969,0.11206896551724133
2024-08-29 09:24:46.606041,0.1293103448275862
2024-08-29 09:25:01.606123,0.12068965517241381
2024-08-29 09:25:16.606203,0.12068965517241381
2024-08-29 09:25:31.606278,0.12068965517241381
2024-08-29 09:25:46.606358,0.11206896551724133
2024-08-29 09:26:01.606438,0.11206896551724133
2024-08-29 09:26:16.606518,0.12068965517241381
2024-08-29 09:26:31.606594,0.12068965517241381
2024-08-29 09:26:46.606674,0.12068965517241381
2024-08-29 09:27:01.606752,0.12068965517241381
2024-08-29 09:27:16.606828,0.11206896551724133
2024-08-29 09:27:31.606902,0.12068965517241381
2024-08-29 09:27:46.606982,0.12068965517241381
2024-08-29 09:28:01.607062,0.1293103448275862
2024-08-29 09:28:16.607137,0.12068965517241381
2024-08-29 09:28:31.607216,0.12068965517241381
2024-08-29 09:28:46.607292,0.11206896551724133
2024-08-29 09:29:01.607367,0.12068965517241381
2024-08-29 09:29:16.607449,0.12068965517241381
2024-08-29 09:29:31.607521,0.11206896551724133
2024-08-29 09:29:46.607598,0.12068965517241381
2024-08-29 09:30:01.607680,0.12068965517241381
2024-08-29 09:30:16.607761,0.11206896551724133
2024-08-29 09:30:31.607840,0.12068965517241381
2024-08-29 09:30:46.607923,0.12068965517241381
2024-08-29 09:31:01.608003,0.11206896551724133
2024-08-29 09:31:16.608080,0.11206896551724133
2024-08-29 09:31:31.608162,0.12068965517241381
2024-08-29 09:31:46.608234,0.12068965517241381
2024-08-29 09:32:01.608315,0.12068965517241381
2024-08-29 09:32:16.608393,0.12068965517241381
2024-08-29 09:32:31.608470,0.12068965517241381
2024-08-29 09:32:46.608550,0.12068965517241381
2024-08-29 09:33:01.608631,0.11206896551724133
2024-08-29 09:33:16.608705,0.12068965517241381
2024-08-29 09:33:31.608785,0.12068965517241381
2024-08-29 09:33:46.608860,0.12068965517241381
2024-08-29 09:34:01.608938,0.1293103448275862
2024-08-29 09:34:16.609017,0.11206896551724133
2024-08-29 09:34:31.609095,0.12068965517241381
2024-08-29 09:34:46.609168,0.12068965517241381
2024-08-29 09:35:01.609249,0.11206896551724133
2024-08-29 09:35:16.609329,0.12068965517241381
2024-08-29 09:35:31.609410,0.12068965517241381
2024-08-29 09:35:46.609488,0.12068965517241381
2024-08-29 09:36:01.609571,0.11206896551724133
2024-08-29 09:36:16.609651,0.12068965517241381
2024-08-29 09:36:31.609732,0.11206896551724133
2024-08-29 09:36:46.609807,0.12068965517241381
2024-08-29 09:37:01.609888,0.11206896551724133
2024-08-29 09:37:16.609966,0.1293103448275862
2024-08-29 09:37:31.610044,0.12068965517241381
2024-08-29 09:37:46.610121,0.12068965517241381
2024-08-29 09:38:01.610203,0.11206896551724133
2024-08-29 09:38:16.610282,0.12068965517241381
2024-08-29 09:38:31.610363,0.11206896551724133
2024-08-29 09:38:46.610441,0.12068965517241381
2024-08-29 09:39:01.610520,0.12173913043478257
2024-08-29 09:39:16.610596,0.12068965517241381
2024-08-29 09:39:31.610674,0.12068965517241381
2024-08-29 09:39:46.610751,0.11206896551724133
2024-08-29 09:40:01.610832,0.11206896551724133
2024-08-29 09:40:16.610915,0.12068965517241381
2024-08-29 09:40:31.610996,0.12068965517241381
2024-08-29 09:40:46.611078,0.11206896551724133
2024-08-29 09:41:01.611158,0.12068965517241381
2024-08-29 09:41:16.611236,0.12068965517241381
2024-08-29 09:41:31.611322,0.11206896551724133
2024-08-29 09:41:46.611402,0.11206896551724133
2024-08-29 09:42:01.611481,0.11206896551724133
2024-08-29 09:42:16.611563,0.1293103448275862
2024-08-29 09:42:31.611639,0.11206896551724133
2024-08-29 09:42:46.611722,0.12068965517241381
2024-08-29 09:43:01.611798,0.12068965517241381
2024-08-29 09:43:16.611875,0.12068965517241381
2024-08-29 09:43:31.611950,0.12068965517241381
2024-08-29 09:43:46.612033,0.12068965517241381
2024-08-29 09:44:01.612111,0.11206896551724133
2024-08-29 09:44:16.612193,0.12068965517241381
2024-08-29 09:44:31.612273,0.11206896551724133
2024-08-29 09:44:46.612350,0.12068965517241381
2024-08-29 09:45:01.612430,0.11206896551724133
2024-08-29 09:45:16.612511,0.12068965517241381
2024-08-29 09:45:31.612589,0.12068965517241381
2024-08-29 09:45:46.612673,0.12068965517241381
2024-08-29 09:46:01.612751,0.12068965517241381
2024-08-29 09:46:16.612831,0.12068965517241381
2024-08-29 09:46:31.612910,0.12068965517241381
2024-08-29 09:46:46.612986,0.11206896551724133
2024-08-29 09:47:01.613062,0.11206896551724133
2024-08-29 09:47:16.613139,0.11206896551724133
2024-08-29 09:47:31.613215,0.11206896551724133
2024-08-29 09:47:46.613297,0.11206896551724133
2024-08-29 09:48:01.613372,0.11206896551724133
2024-08-29 09:48:16.613446,0.12068965517241381
2024-08-29 09:48:31.613526,0.11206896551724133
2024-08-29 09:48:46.613607,0.11206896551724133
2024-08-29 09:49:01.613685,0.11206896551724133
2024-08-29 09:49:16.613760,0.12068965517241381
2024-08-29 09:49:31.613839,0.11206896551724133
2024-08-29 09:49:46.613914,0.11206896551724133
2024-08-29 09:50:01.613996,0.12068965517241381
2024-08-29 09:50:16.614080,0.11206896551724133
2024-08-29 09:50:31.614163,0.11206896551724133
2024-08-29 09:50:46.614240,0.11206896551724133
2024-08-29 09:51:01.614317,0.1293103448275862
2024-08-29 09:51:16.614395,0.11206896551724133
2024-08-29 09:51:31.614475,0.11206896551724133
2024-08-29 09:51:46.614554,0.11206896551724133
2024-08-29 09:52:01.614635,0.11206896551724133
2024-08-29 09:52:16.614709,0.12068965517241381
2024-08-29 09:52:31.614785,0.1293103448275862
2024-08-29 09:52:46.614860,0.11206896551724133
2024-08-29 09:53:01.614941,0.11206896551724133
2024-08-29 09:53:16.615015,0.11206896551724133
2024-08-29 09:53:31.615093,0.1293103448275862
2024-08-29 09:53:46.615168,0.11206896551724133
2024-08-29 09:54:01.615246,0.12068965517241381
2024-08-29 09:54:16.615324,0.11206896551724133
2024-08-29 09:54:31.615403,0.1293103448275862
2024-08-29 09:54:46.615485,0.12068965517241381
2024-08-29 09:55:01.615565,0.11206896551724133
2024-08-29 09:55:16.615641,0.11206896551724133
2024-08-29 09:55:31.615722,0.11206896551724133
2024-08-29 09:55:46.615796,0.11206896551724133
2024-08-29 09:56:01.615874,0.11206896551724133
2024-08-29 09:56:16.615950,0.12068965517241381
2024-08-29 09:56:31.616031,0.11206896551724133
2024-08-29 09:56:46.616104,0.12068965517241381
2024-08-29 09:57:01.616181,0.11206896551724133
2024-08-29 09:57:16.616256,0.11206896551724133
2024-08-29 09:57:31.616336,0.12068965517241381
2024-08-29 09:57:46.616422,0.11206896551724133
2024-08-29 09:58:01.616502,0.12068965517241381
2024-08-29 09:58:16.616587,0.11206896551724133
2024-08-29 09:58:31.616668,0.12068965517241381
2024-08-29 09:58:46.616743,0.11206896551724133
2024-08-29 09:59:01.616822,0.12068965517241381
2024-08-29 09:59:16.616903,0.1293103448275862
2024-08-29 09:59:31.616979,0.11206896551724133
2024-08-29 09:59:46.617058,0.11206896551724133
2024-08-29 10:00:01.617137,0.11206896551724133
2024-08-29 10:00:16.617223,0.11206896551724133
2024-08-29 10:00:31.617302,0.12068965517241381
2024-08-29 10:00:46.617383,0.11206896551724133
2024-08-29 10:01:01.617460,0.11206896551724133
2024-08-29 10:01:16.617543,0.11206896551724133
2024-08-29 10:01:31.617621,0.11206896551724133
2024-08-29 10:01:46.617696,0.11206896551724133
2024-08-29 10:02:01.617774,0.11206896551724133
2024-08-29 10:02:16.617851,0.11206896551724133
2024-08-29 10:02:31.617926,0.11206896551724133
2024-08-29 10:02:46.618004,0.11206896551724133
2024-08-29 10:03:01.618082,0.12068965517241381
2024-08-29 10:03:16.618156,0.11206896551724133
2024-08-29 10:03:31.618232,0.1293103448275862
2024-08-29 10:03:46.618310,0.11206896551724133
2024-08-29 10:04:01.618390,0.11206896551724133
2024-08-29 10:04:16.618472,0.12068965517241381
2024-08-29 10:04:31.618547,0.12068965517241381
2024-08-29 10:04:46.618629,0.11206896551724133
2024-08-29 10:05:01.618709,0.1293103448275862
2024-08-29 10:05:16.618787,0.11206896551724133
2024-08-29 10:05:31.618868,0.11206896551724133
2024-08-29 10:05:46.618946,0.12068965517241381
2024-08-29 10:06:01.619022,0.11206896551724133
2024-08-29 10:06:16.619105,0.11206896551724133
2024-08-29 10:06:31.619181,0.11206896551724133
2024-08-29 10:06:46.619257,0.11206896551724133
2024-08-29 10:07:01.619333,0.11206896551724133
2024-08-29 10:07:16.619410,0.11206896551724133
2024-08-29 10:07:31.619486,0.12068965517241381
2024-08-29 10:07:46.619563,0.11206896551724133
2024-08-29 10:08:01.619640,0.12068965517241381
2024-08-29 10:08:16.619721,0.11206896551724133
2024-08-29 10:08:31.619801,0.12068965517241381
2024-08-29 10:08:46.619878,0.12068965517241381
2024-08-29 10:09:01.619957,0.12068965517241381
2024-08-29 10:09:16.620034,0.12068965517241381
2024-08-29 10:09:31.620110,0.12068965517241381
2024-08-29 10:09:46.620189,0.11206896551724133
2024-08-29 10:10:01.620268,0.11206896551724133
2024-08-29 10:10:16.620345,0.11206896551724133
2024-08-29 10:10:31.620428,0.12068965517241381
2024-08-29 10:10:46.620504,0.12068965517241381
2024-08-29 10:11:01.620580,0.11206896551724133
2024-08-29 10:11:16.620662,0.12068965517241381
2024-08-29 10:11:31.620736,0.11206896551724133
2024-08-29 10:11:46.620807,0.12068965517241381
2024-08-29 10:12:01.620885,0.11206896551724133
2024-08-29 10:12:16.620960,0.12068965517241381
2024-08-29 10:12:31.621039,0.11206896551724133
2024-08-29 10:12:46.621118,0.11206896551724133
2024-08-29 10:13:01.621200,0.11206896551724133
2024-08-29 10:13:16.621274,0.11206896551724133
2024-08-29 10:13:31.621360,0.12068965517241381
2024-08-29 10:13:46.621440,0.11206896551724133
2024-08-29 10:14:01.621522,0.11206896551724133
2024-08-29 10:14:16.621602,0.11206896551724133
2024-08-29 10:14:31.621681,0.11206896551724133
2024-08-29 10:14:46.621768,0.11206896551724133
2024-08-29 10:15:01.621847,0.11206896551724133
2024-08-29 10:15:16.621922,0.12068965517241381
2024-08-29 10:15:31.621997,0.11206896551724133
2024-08-29 10:15:46.622072,0.12068965517241381
2024-08-29 10:16:01.622145,0.11206896551724133
2024-08-29 10:16:16.622227,0.11206896551724133
2024-08-29 10:16:31.622306,0.11206896551724133
2024-08-29 10:16:46.622387,0.12068965517241381
2024-08-29 10:17:01.622466,0.11206896551724133
2024-08-29 10:17:16.622541,0.12068965517241381
2024-08-29 10:17:31.622622,0.12068965517241381
2024-08-29 10:17:46.622701,0.11206896551724133
2024-08-29 10:18:01.622779,0.12068965517241381
2024-08-29 10:18:16.622851,0.11206896551724133
2024-08-29 10:18:31.622933,0.11206896551724133
2024-08-29 10:18:46.623012,0.12068965517241381
2024-08-29 10:19:01.623095,0.12068965517241381
2024-08-29 10:19:16.623172,0.11206896551724133
2024-08-29 10:19:31.623250,0.11206896551724133
2024-08-29 10:19:46.623328,0.12068965517241381
2024-08-29 10:20:01.623409,0.12068965517241381
2024-08-29 10:20:16.623487,0.11206896551724133
2024-08-29 10:20:31.623567,0.12068965517241381
2024-08-29 10:20:46.623646,0.12068965517241381
2024-08-29 10:21:01.623723,0.1293103448275862
2024-08-29 10:21:16.623807,0.12068965517241381
2024-08-29 10:21:31.623887,0.12068965517241381
2024-08-29 10:21:46.623963,0.11206896551724133
2024-08-29 10:22:01.624045,0.12068965517241381
2024-08-29 10:22:16.624125,0.11206896551724133
2024-08-29 10:22:31.624205,0.12068965517241381
2024-08-29 10:22:46.624287,0.11206896551724133
2024-08-29 10:23:01.624367,0.12068965517241381
2024-08-29 10:23:16.624447,0.11206896551724133
2024-08-29 10:23:31.624524,0.1293103448275862
2024-08-29 10:23:46.624605,0.11206896551724133
2024-08-29 10:24:01.624688,0.11206896551724133
2024-08-29 10:24:16.624769,0.11206896551724133
2024-08-29 10:24:31.624844,0.11304347826086958
2024-08-29 10:25:31.625174,0.08695652173913049
2024-08-29 10:27:01.625653,0.11965811965811968
2024-08-29 10:27:16.625730,0.11864406779661019
2024-08-29 10:27:31.625809,0.1271186440677966
2024-08-29 10:27:46.625893,0.11111111111111116
2024-08-29 10:28:01.625968,0.09401709401709402
2024-08-29 10:28:16.626044,0.09401709401709402
2024-08-29 10:28:31.626120,0.10256410256410253
2024-08-29 10:28:46.626201,0.1282051282051282
2024-08-29 10:29:01.626284,0.15384615384615385
2024-08-29 10:29:16.626363,0.17948717948717952
2024-08-29 10:29:31.626445,0.2136752136752137
2024-08-29 10:29:46.626523,0.2564102564102564
2024-08-29 10:30:01.626603,0.288135593220339
2024-08-29 10:30:16.626677,0.35593220338983056
2024-08-29 10:30:31.626759,0.39830508474576276
2024-08-29 10:30:46.626837,0.45299145299145294
2024-08-29 10:31:01.626911,0.5042735042735043
2024-08-29 10:31:16.626988,0.5593220338983051
2024-08-29 10:31:31.627066,0.6101694915254237
2024-08-29 10:31:46.627148,0.6495726495726496
2024-08-29 10:32:01.627229,0.7008547008547008
2024-08-29 10:32:16.627305,0.7350427350427351
2024-08-29 10:32:31.627384,0.7777777777777778
2024-08-29 10:32:46.627464,0.7948717948717949
2024-08-29 10:33:01.627542,0.8205128205128205
2024-08-29 10:33:16.627620,0.829059829059829
2024-08-29 10:33:31.627699,0.829059829059829
2024-08-29 10:33:46.627775,0.8376068376068376
2024-08-29 10:34:01.627851,0.8389830508474576
2024-08-29 10:34:16.627961,0.829059829059829
2024-08-29 10:34:31.628038,0.8376068376068376
2024-08-29 10:34:46.628118,0.8305084745762712
2024-08-29 10:35:01.628200,0.8376068376068376
2024-08-29 10:35:16.628280,0.829059829059829
2024-08-29 10:35:31.628356,0.829059829059829
2024-08-29 10:35:46.628437,0.829059829059829
2024-08-29 10:36:01.628516,0.8461538461538461
2024-08-29 10:36:16.629759,0.8376068376068376
2024-08-29 10:36:31.629839,0.829059829059829
2024-08-29 10:36:46.629917,0.8376068376068376
2024-08-29 10:37:01.629995,0.8376068376068376
2024-08-29 10:37:31.630155,0.6324786324786325
2024-08-29 10:37:46.630230,0.6324786324786325
2024-08-29 10:38:01.630309,0.641025641025641
2024-08-29 10:38:16.630387,0.6324786324786325
2024-08-29 10:38:31.630466,0.6293103448275862
2024-08-29 10:38:46.630544,0.6440677966101696
2024-08-29 10:39:16.630703,0.5289256198347108
2024-08-29 10:39:31.630779,0.4700854700854701
2024-08-29 10:39:46.630856,0.45299145299145294
2024-08-29 10:40:01.630939,0.45299145299145294
2024-08-29 10:40:16.631010,0.45299145299145294
2024-08-29 10:40:31.631089,0.46153846153846156
2024-08-29 10:40:46.631163,0.4576271186440678
2024-08-29 10:41:01.631242,0.4576271186440678
2024-08-29 10:41:16.631323,0.46153846153846156
2024-08-29 10:41:31.631404,0.4661016949152542
2024-08-29 10:41:46.631483,0.4661016949152542
2024-08-29 10:42:01.631586,0.45299145299145294
2024-08-29 10:42:16.631665,0.45299145299145294
2024-08-29 10:43:16.632007,0.2222222222222222
2024-08-29 10:43:31.632089,0.2542372881355932
2024-08-29 10:43:46.632170,0.24786324786324787
2024-08-29 10:44:01.632253,0.24786324786324787
2024-08-29 10:44:16.632332,0.2222222222222222
2024-08-29 10:44:31.632410,0.24786324786324787
2024-08-29 10:44:46.632491,0.3220338983050848
2024-08-29 10:45:01.632568,0.24786324786324787
2024-08-29 10:45:16.632647,0.23931623931623935
2024-08-29 10:45:31.632725,0.2457627118644068
2024-08-29 10:45:46.632803,0.23728813559322037
2024-08-29 10:46:01.632886,0.23931623931623935
2024-08-29 10:46:16.632968,0.23931623931623935
2024-08-29 10:46:31.633048,0.2222222222222222
2024-08-29 10:46:46.633128,0.2564102564102564
2024-08-29 10:47:01.633207,0.24786324786324787
2024-08-29 10:47:16.633297,0.23931623931623935
2024-08-29 10:47:31.633381,0.23076923076923073
2024-08-29 10:47:46.633466,0.23931623931623935
2024-08-29 10:48:01.633546,0.23931623931623935
2024-08-29 10:48:16.633629,0.24786324786324787
2024-08-29 10:48:31.633709,0.2136752136752137
2024-08-29 10:48:46.633788,0.24786324786324787
2024-08-29 10:49:01.633876,0.23931623931623935
2024-08-29 10:49:16.633958,0.23931623931623935
2024-08-29 10:49:31.634032,0.2222222222222222
2024-08-29 10:49:46.634112,0.24786324786324787
2024-08-29 10:50:01.634190,0.23931623931623935
2024-08-29 10:50:16.634269,0.23931623931623935
2024-08-29 10:50:31.634359,0.24786324786324787
2024-08-29 10:50:46.634434,0.22881355932203384
2024-08-29 10:51:01.634514,0.24786324786324787
2024-08-29 10:51:16.634593,0.23076923076923073
2024-08-29 10:51:31.634667,0.24786324786324787
2024-08-29 10:51:41.545507,0.2457627118644068
2024-08-29 10:51:56.545590,0.2564102564102564
2024-08-29 10:52:26.545754,0.20512820512820518
2024-08-29 10:52:41.545835,0.19491525423728817
2024-08-29 10:52:56.545914,0.19491525423728817
2024-08-29 10:53:11.545995,0.18803418803418803
2024-08-29 10:53:26.546086,0.19658119658119655
2024-08-29 10:53:41.546169,0.18803418803418803
2024-08-29 10:53:56.546246,0.19491525423728817
2024-08-29 10:54:11.546328,0.18803418803418803
2024-08-29 10:54:26.546407,0.19491525423728817
2024-08-29 10:54:41.546486,0.19658119658119655
2024-08-29 10:54:56.546564,0.18644067796610164
2024-08-29 10:55:11.546644,0.18803418803418803
2024-08-29 10:55:26.546726,0.19658119658119655
2024-08-29 10:55:41.546806,0.18803418803418803
2024-08-29 10:55:56.546890,0.18803418803418803
2024-08-29 10:56:11.546977,0.19658119658119655
2024-08-29 10:56:26.547063,0.18803418803418803
2024-08-29 10:56:41.547143,0.17948717948717952
2024-08-29 10:56:56.547223,0.19491525423728817
2024-08-29 10:57:11.547305,0.18803418803418803
2024-08-29 10:57:26.547387,0.18803418803418803
2024-08-29 10:57:41.547468,0.17948717948717952
2024-08-29 10:57:56.547553,0.19658119658119655
2024-08-29 10:58:11.547634,0.18803418803418803
2024-08-29 10:58:26.547717,0.18803418803418803
2024-08-29 10:58:41.547794,0.19658119658119655
2024-08-29 10:58:56.547871,0.17948717948717952
2024-08-29 10:59:11.547951,0.18803418803418803
2024-08-29 10:59:26.548032,0.18803418803418803
2024-08-29 10:59:41.548111,0.17948717948717952
2024-08-29 10:59:56.548195,0.19658119658119655
2024-08-29 11:00:11.548278,0.18803418803418803
2024-08-29 11:00:26.548360,0.18803418803418803
2024-08-29 11:00:41.548441,0.211864406779661
2024-08-29 11:00:56.548524,0.17948717948717952
2024-08-29 11:01:11.548603,0.17948717948717952
2024-08-29 11:01:26.548684,0.19658119658119655
2024-08-29 11:01:41.548766,0.18803418803418803
2024-08-29 11:02:26.549012,0.17948717948717952
2024-08-29 11:02:41.549095,0.17948717948717952
2024-08-29 11:02:56.549174,0.18803418803418803
2024-08-29 11:03:11.549260,0.18803418803418803
2024-08-29 11:03:26.549339,0.19658119658119655
2024-08-29 11:03:41.549421,0.17948717948717952
2024-08-29 11:03:56.549500,0.18803418803418803
2024-08-29 11:04:11.549584,0.17948717948717952
2024-08-29 11:04:26.549660,0.19658119658119655
2024-08-29 11:04:41.549742,0.18803418803418803
2024-08-29 11:04:56.549825,0.18803418803418803
2024-08-29 11:05:11.549911,0.19658119658119655
2024-08-29 11:05:26.549994,0.17948717948717952
2024-08-29 11:05:41.550074,0.19658119658119655
2024-08-29 11:05:56.550155,0.18803418803418803
2024-08-29 11:06:11.550235,0.18803418803418803
2024-08-29 11:06:26.550317,0.19658119658119655
2024-08-29 11:06:41.550398,0.18803418803418803
2024-08-29 11:06:56.550478,0.17948717948717952
2024-08-29 11:07:11.550561,0.18803418803418803
2024-08-29 11:07:26.550641,0.19658119658119655
2024-08-29 11:07:41.550722,0.19658119658119655
2024-08-29 11:07:56.550802,0.19658119658119655
2024-08-29 11:08:11.550882,0.18103448275862066
2024-08-29 11:08:26.550966,0.17948717948717952
2024-08-29 11:08:41.551047,0.18803418803418803
2024-08-29 11:08:56.551132,0.19658119658119655
2024-08-29 11:09:11.551218,0.18803418803418803
2024-08-29 11:09:26.551296,0.19658119658119655
2024-08-29 11:09:41.551383,0.18803418803418803
2024-08-29 11:09:56.551469,0.19491525423728817
2024-08-29 11:10:11.551548,0.18803418803418803
2024-08-29 11:10:26.551628,0.18803418803418803
2024-08-29 11:10:41.551710,0.20512820512820518
2024-08-29 11:10:56.551789,0.18803418803418803
2024-08-29 11:11:11.551874,0.18803418803418803
2024-08-29 11:11:26.551954,0.19658119658119655
2024-08-29 11:11:41.552034,0.18803418803418803
2024-08-29 11:11:56.552116,0.19658119658119655
2024-08-29 11:12:11.552198,0.18803418803418803
2024-08-29 11:12:26.552278,0.19658119658119655
2024-08-29 11:12:41.552358,0.19658119658119655
2024-08-29 11:12:56.552442,0.2033898305084746
2024-08-29 11:13:11.552522,0.18803418803418803
2024-08-29 11:13:26.552603,0.19658119658119655
2024-08-29 11:13:41.552683,0.18803418803418803
2024-08-29 11:13:56.552767,0.19658119658119655
2024-08-29 11:14:11.552850,0.20512820512820518
2024-08-29 11:14:26.552936,0.18644067796610164
2024-08-29 11:14:41.553018,0.19658119658119655
2024-08-29 11:14:56.553101,0.2033898305084746
2024-08-29 11:15:11.553182,0.19491525423728817
2024-08-29 11:15:26.553263,0.19491525423728817
2024-08-29 11:15:41.553345,0.20512820512820518
2024-08-29 11:15:56.553428,0.19658119658119655
2024-08-29 11:16:11.553513,0.2033898305084746
2024-08-29 11:16:26.553593,0.20512820512820518
2024-08-29 11:16:41.553677,0.19658119658119655
2024-08-29 11:16:56.553760,0.2033898305084746
2024-08-29 11:17:11.553842,0.19491525423728817
2024-08-29 11:17:26.553923,0.2033898305084746
2024-08-29 11:17:41.554001,0.19658119658119655
2024-08-29 11:17:56.554084,0.20512820512820518
2024-08-29 11:18:11.554158,0.2033898305084746
2024-08-29 11:18:26.554238,0.19658119658119655
2024-08-29 11:18:41.554321,0.2033898305084746
2024-08-29 11:18:56.554401,0.2033898305084746
2024-08-29 11:19:11.554480,0.19491525423728817
2024-08-29 11:19:26.554563,0.18803418803418803
2024-08-29 11:19:41.554643,0.19658119658119655
2024-08-29 11:19:56.554729,0.19491525423728817
2024-08-29 11:20:11.554809,0.19658119658119655
2024-08-29 11:20:26.554889,0.19658119658119655
2024-08-29 11:20:41.554970,0.2033898305084746
2024-08-29 11:20:56.555050,0.19658119658119655
2024-08-29 11:21:11.555129,0.2033898305084746
2024-08-29 11:21:26.555211,0.18803418803418803
2024-08-29 11:21:41.555293,0.2033898305084746
2024-08-29 11:22:41.555617,0.11016949152542377
2024-08-29 11:22:56.555701,0.11864406779661019
2024-08-29 11:23:26.555863,0.11016949152542377
2024-08-29 11:23:41.555945,0.11016949152542377
2024-08-29 11:23:56.556024,0.11016949152542377
2024-08-29 11:24:11.556103,0.11016949152542377
2024-08-29 11:24:26.556182,0.10256410256410253
2024-08-29 11:24:41.556264,0.10256410256410253
2024-08-29 11:24:56.556343,0.11016949152542377
2024-08-29 11:25:11.556424,0.11016949152542377
2024-08-29 11:25:26.556509,0.11016949152542377
2024-08-29 11:25:41.556587,0.10256410256410253
2024-08-29 11:25:56.556668,0.11016949152542377
2024-08-29 11:26:11.556750,0.11016949152542377
2024-08-29 11:26:26.556828,0.10256410256410253
2024-08-29 11:26:41.556910,0.10256410256410253
2024-08-29 11:26:56.556990,0.10169491525423724
2024-08-29 11:27:11.557076,0.11016949152542377
2024-08-29 11:27:26.557157,0.10169491525423724
2024-08-29 11:27:41.557237,0.10256410256410253
2024-08-29 11:27:56.557316,0.10256410256410253
2024-08-29 11:28:11.557401,0.11111111111111116
2024-08-29 11:28:26.557482,0.10256410256410253
2024-08-29 11:28:41.557568,0.11111111111111116
2024-08-29 11:28:56.557650,0.11016949152542377
2024-08-29 11:29:11.557729,0.10256410256410253
2024-08-29 11:30:41.558206,0.1271186440677966
2024-08-29 11:30:56.558289,0.1271186440677966
2024-08-29 11:31:11.558368,0.11864406779661019
2024-08-29 11:31:26.558446,0.11864406779661019
2024-08-29 11:31:41.558527,0.10169491525423724
2024-08-29 11:31:56.558607,0.11016949152542377
2024-08-29 11:32:11.558682,0.1282051282051282
2024-08-29 11:32:26.558761,0.15384615384615385
2024-08-29 11:32:41.558844,0.18644067796610164
2024-08-29 11:32:56.558924,0.211864406779661
2024-08-29 11:33:11.559011,0.2564102564102564
2024-08-29 11:33:26.559087,0.3076923076923077
2024-08-29 11:33:41.559164,0.3504273504273504
2024-08-29 11:33:56.559242,0.4017094017094017
2024-08-29 11:34:11.559318,0.4576271186440678
2024-08-29 11:34:26.559414,0.5254237288135593
2024-08-29 11:34:41.559486,0.5677966101694916
2024-08-29 11:34:56.559562,0.6016949152542372
2024-08-29 11:35:11.559636,0.6581196581196581
2024-08-29 11:35:26.559714,0.6949152542372881
2024-08-29 11:35:41.559790,0.7521367521367521
2024-08-29 11:35:56.559870,0.7863247863247863
2024-08-29 11:36:11.559951,0.8205128205128205
2024-08-29 11:36:26.560031,0.8547008547008547
2024-08-29 11:36:41.560111,0.905982905982906
2024-08-29 11:36:56.560189,0.905982905982906
2024-08-29 11:37:11.560267,0.8974358974358975
2024-08-29 11:37:26.560345,0.905982905982906
2024-08-29 11:37:56.560499,0.9145299145299145
2024-08-29 11:38:41.560740,0.641025641025641
2024-08-29 11:38:56.560829,0.11111111111111116
2024-08-29 11:39:11.560904,0.23770491803278693
2024-08-29 11:39:26.560979,0.3666666666666667
2024-08-29 11:39:41.561053,0.3076923076923077
2024-08-29 11:39:56.561135,0.31355932203389836
2024-08-29 11:40:11.561208,0.2966101694915254
2024-08-29 11:40:26.561286,0.30508474576271183
2024-08-29 11:40:41.561364,0.30508474576271183
2024-08-29 11:41:11.564010,0.22033898305084743
2024-08-29 11:41:26.564086,0.19491525423728817
2024-08-29 11:41:41.564161,0.18644067796610164
2024-08-29 11:41:56.564241,0.19491525423728817
2024-08-29 11:42:06.168378,0.19491525423728817
